text,timestamp
Learning about data science! #DataScience,2022-04-10 19:27:58
Data science is fascinating. #DataScience,2022-03-13 03:22:09
Exploring machine learning today. #DataScience,2023-09-29 10:34:12
Big data is changing the world. #DataScience,2023-05-26 23:00:04
Just finished a data science project. #DataScience,2023-01-10 10:03:10
Data visualization is so cool! #DataScience,2023-03-10 05:20:07
Statistics is the backbone of data science. #DataScience,2022-02-19 02:05:20
Python is great for data science. #DataScience,2022-11-26 21:12:38
Learning about neural networks. #DataScience,2022-08-10 05:28:39
Data cleaning is an important step. #DataScience,2023-03-02 22:38:37
Predictive analytics is powerful. #DataScience,2022-07-31 12:31:01
Data science can solve real-world problems. #DataScience,2022-05-21 04:34:03
R is another great tool for data science. #DataScience,2022-09-28 02:39:29
Data science is a growing field. #DataScience,2022-10-03 23:43:57
Machine learning models are amazing. #DataScience,2023-08-20 06:09:02
Data science involves a lot of coding. #DataScience,2022-01-18 06:54:28
Data science can be applied in many industries. #DataScience,2022-05-27 14:33:17
Data science is all about extracting insights. #DataScience,2023-03-27 16:09:56
Data science is a blend of various disciplines. #DataScience,2022-01-16 12:54:21
Data science helps in making data-driven decisions. #DataScience,2022-05-25 04:30:11
Data science is transforming businesses. #DataScience,2022-08-23 11:04:06
Data science is a key skill in the tech industry. #DataScience,2023-05-26 16:35:36
Data science can help in predicting trends. #DataScience,2022-06-07 16:49:00
Data science is an exciting field. #DataScience,2022-05-02 19:34:59
Data science is about finding patterns in data. #DataScience,2023-08-21 04:58:34
Data science can improve decision-making. #DataScience,2023-07-31 02:27:34
Data science is a valuable skill. #DataScience,2022-02-19 06:44:19
Data science can help in understanding customer behavior. #DataScience,2023-06-10 23:56:24
Data science is used in many fields. #DataScience,2023-08-08 13:26:50
Data science can help in optimizing processes. #DataScience,2022-06-27 18:48:52
Data science is a multidisciplinary field. #DataScience,2023-02-22 06:56:33
Data science can help in making better decisions. #DataScience,2022-04-04 10:42:00
Data science is about analyzing data. #DataScience,2022-12-22 08:53:00
Data science can help in identifying trends. #DataScience,2023-05-24 13:59:51
Data science is a powerful tool. #DataScience,2023-01-08 13:36:01
Data science can help in solving complex problems. #DataScience,2022-12-30 03:20:29
Data science is about making sense of data. #DataScience,2022-09-12 21:39:07
Data science can help in improving efficiency. #DataScience,2022-11-27 04:31:58
Data science is a valuable asset. #DataScience,2023-09-17 19:16:18
Data science can help in understanding data. #DataScience,2023-06-22 22:45:35
Data science is about extracting knowledge from data. #DataScience,2023-09-25 02:47:12
Data science can help in making predictions. #DataScience,2022-03-15 08:33:29
Data science is a key component of AI. #DataScience,2023-07-02 02:19:59
Data science can help in improving decision-making. #DataScience,2022-11-10 15:18:56
Data science is about analyzing large datasets. #DataScience,2023-05-22 19:43:17
Data science can help in understanding trends. #DataScience,2023-09-02 14:39:15
Data science is a growing field. #DataScience,2023-09-17 21:00:17
Data science can help in making better decisions. #DataScience,2022-05-01 19:41:18
Data science is about finding patterns in data. #DataScience,2023-01-27 06:42:07
Data science can help in optimizing processes. #DataScience,2022-09-09 08:19:16
Data science is a multidisciplinary field. #DataScience,2023-08-08 02:26:06
Data science can help in understanding customer behavior. #DataScience,2022-07-20 09:20:59
Data science is a valuable skill. #DataScience,2022-04-12 12:09:48
Data science can help in predicting trends. #DataScience,2022-11-07 14:08:37
Data science is a key skill in the tech industry. #DataScience,2023-01-24 05:33:32
Data science is transforming businesses. #DataScience,2022-01-22 10:41:55
Data science helps in making data-driven decisions. #DataScience,2022-05-23 12:45:55
Data science is a blend of various disciplines. #DataScience,2023-01-21 01:01:32
Data science is all about extracting insights. #DataScience,2023-07-09 07:27:10
Data science can be applied in many industries. #DataScience,2022-11-29 16:46:50
Data science involves a lot of coding. #DataScience,2022-02-26 08:17:42
Machine learning models are amazing. #DataScience,2022-02-10 20:58:12
Data science is a growing field. #DataScience,2022-11-29 05:33:02
R is another great tool for data science. #DataScience,2022-08-30 04:35:20
Data science can solve real-world problems. #DataScience,2022-08-19 19:20:50
Predictive analytics is powerful. #DataScience,2022-05-15 15:46:41
Data cleaning is an important step. #DataScience,2023-08-23 17:47:21
Learning about neural networks. #DataScience,2023-09-09 20:35:57
Python is great for data science. #DataScience,2023-08-17 03:17:12
Statistics is the backbone of data science. #DataScience,2022-01-14 06:40:33
Data visualization is so cool! #DataScience,2022-02-19 13:05:32
Just finished a data science project. #DataScience,2022-06-15 03:13:32
Big data is changing the world. #DataScience,2023-04-01 22:50:02
Exploring machine learning today. #DataScience,2022-05-06 00:31:31
Data science is fascinating. #DataScience,2023-03-07 20:27:59
Learning about data science! #DataScience,2022-09-25 01:27:50
Predictive analytics is powerful. #DataScience,2022-06-20 12:13:50
Data science is a blend of various disciplines. #DataScience,2023-09-15 06:58:45
Data science helps in making data-driven decisions. #DataScience,2023-01-23 13:42:36
Data science is fascinating. #DataScience,2023-08-22 03:28:23
Machine learning models are amazing. #DataScience,2022-10-03 20:00:39
Just finished a data science project. #DataScience,2022-05-07 22:02:57
Exploring machine learning today. #DataScience,2022-06-25 00:09:27
Statistics is the backbone of data science. #DataScience,2022-12-24 05:39:51
Data science is all about extracting insights. #DataScience,2022-09-04 08:03:14
Learning about data science! #DataScience,2023-06-18 18:44:08
Data science can solve real-world problems. #DataScience,2022-04-10 00:33:26
Learning about neural networks. #DataScience,2023-04-25 05:00:43
Data science can be applied in many industries. #DataScience,2023-06-11 04:22:15
R is another great tool for data science. #DataScience,2023-03-19 11:53:34
Data science is a growing field. #DataScience,2023-01-05 03:20:27
Data visualization is so cool! #DataScience,2023-01-09 22:59:32
Big data is changing the world. #DataScience,2022-10-29 07:46:36
Python is great for data science. #DataScience,2022-09-09 18:22:14
Data science involves a lot of coding. #DataScience,2022-11-12 13:37:21
Data cleaning is an important step. #DataScience,2022-07-06 06:24:31
